{"episode_types": ["t", "t", "t", "t", "t", "t", "t", "t", "t", "t", "t", "t", "t", "t", "t", "t", "t", "t"], "episode_lengths": [16, 13, 18, 18, 20, 15, 18, 16, 17, 15, 26, 17, 19, 16, 14, 16, 18], "episode_rewards": [-17.241383011253497, -16.316382909505045, -10.317926730761247, -19.75487843155861, -10.23680756396061, -12.268282566036214, -2.635340059007286, -7.054743180512741, -6.966068536833337, -7.8465065118565684, -13.727783089069995, -12.11508504280355, -10.820552167217825, -2.3801734599590416, -7.843451015118625, -10.96684721940255, -6.340276251340401], "initial_reset_timestamp": 1521916053.3889065, "timestamps": [1521916053.9484262, 1521916054.3430793, 1521916054.9996738, 1521916055.6895144, 1521916056.532386, 1521916057.206023, 1521916057.9720168, 1521916058.7083597, 1521916059.3870325, 1521916060.0186012, 1521916061.0765812, 1521916061.7112703, 1521916062.4936278, 1521916063.2124527, 1521916063.8371928, 1521916064.522051, 1521916065.3160238]}