{"episode_types": ["t", "t", "t", "t", "t", "t", "t", "t", "t", "t", "t", "t", "t", "t", "t", "t", "t", "t", "t"], "episode_lengths": [17, 14, 18, 30, 17, 15, 19, 14, 19, 19, 16, 15, 19, 17, 16, 14, 16, 17], "episode_rewards": [-10.941948782870897, -16.599771479639458, -5.904719590152673, -20.630365293091746, -20.82994110212312, -19.796364047998214, -4.27537180287909, -5.224305800357252, -6.109845879003116, -11.008934497642624, -12.710526380031661, -11.560485827308732, -7.785232925979654, -11.087193830884644, -9.33596077202965, -9.498902158899, -15.373366382028326, -11.995664160828165], "initial_reset_timestamp": 1521916053.385328, "timestamps": [1521916054.0260131, 1521916054.4325857, 1521916055.1069877, 1521916056.2318866, 1521916056.9085524, 1521916057.629936, 1521916058.4848208, 1521916059.0847805, 1521916059.8816016, 1521916060.6116471, 1521916061.2872064, 1521916061.8610573, 1521916062.6747522, 1521916063.4637547, 1521916064.1729958, 1521916064.7120702, 1521916065.4476843, 1521916066.04691]}