{"episode_types": ["t", "t", "t", "t", "t", "t", "t", "t", "t", "t", "t", "t", "t", "t", "t", "t", "t", "t"], "episode_lengths": [17, 15, 18, 18, 16, 17, 19, 14, 17, 15, 17, 23, 16, 35, 16, 17, 21], "episode_rewards": [-8.407080366353329, -5.097750750475097, -14.011219303189135, -10.49222085009096, -15.656549185411132, -1.1503906003432358, -16.40443149371131, -10.788545537735626, -21.162418882346536, -11.676111533345829, -18.780505685490787, -35.77939236454694, -7.460094816308992, -10.363657610837254, -9.602477013327007, -12.496741509287675, -19.026033578338684], "initial_reset_timestamp": 1521916053.2578201, "timestamps": [1521916053.9950914, 1521916054.4548004, 1521916055.17212, 1521916055.8185623, 1521916056.4313512, 1521916057.2470841, 1521916058.0262234, 1521916058.680865, 1521916059.363716, 1521916060.0007308, 1521916060.662169, 1521916061.5802367, 1521916062.198517, 1521916063.7755644, 1521916064.4608128, 1521916065.1933153, 1521916066.0062613]}