{"episode_types": ["t", "t", "t", "t", "t", "t", "t", "t", "t", "t", "t", "t", "t", "t", "t", "t", "t", "t"], "episode_lengths": [15, 19, 17, 17, 16, 13, 13, 17, 18, 15, 19, 18, 25, 14, 16, 26, 20], "episode_rewards": [-11.236892213793181, -9.687026007624809, -12.241709496160912, -5.907584725257767, -7.327891111838106, -15.679826224887801, -10.609218587816576, -9.338631286058808, -10.051358690577034, -16.267206032734247, -4.02097262005409, -13.608055339363634, -18.832298438575528, -13.906919135233329, -10.597019363337314, -10.881677785282951, -25.45618670029799], "initial_reset_timestamp": 1521916053.2577493, "timestamps": [1521916053.8504891, 1521916054.5907805, 1521916055.232217, 1521916055.8185623, 1521916056.4316027, 1521916056.983379, 1521916057.571909, 1521916058.2759633, 1521916059.13139, 1521916059.7330928, 1521916060.5117064, 1521916061.2369282, 1521916062.1983984, 1521916062.8065104, 1521916063.5635746, 1521916064.6494863, 1521916065.5328324]}