{"episode_types": ["t", "t", "t", "t", "t", "t", "t", "t", "t", "t", "t", "t", "t", "t", "t", "t", "t", "t"], "episode_lengths": [19, 13, 18, 16, 13, 16, 42, 19, 17, 15, 17, 17, 16, 18, 20, 16, 14], "episode_rewards": [-6.626881098991726, -11.5187124954522, -0.05845520712609953, -11.936691995707223, -11.889569850775297, -9.375478000707517, -9.588712057658991, -6.348418198843137, -10.802586879198495, -9.152305362890184, -10.79041786953021, -8.633407754605287, -10.77085813148733, -7.581180555920582, -11.53586818199983, -14.71541008354252, -14.601178458072535], "initial_reset_timestamp": 1521916053.2985697, "timestamps": [1521916054.0742588, 1521916054.4570785, 1521916055.1765826, 1521916055.7285252, 1521916056.2060688, 1521916056.8548422, 1521916058.8054783, 1521916059.5483985, 1521916060.2726543, 1521916060.8856928, 1521916061.5239935, 1521916062.2266736, 1521916062.8911572, 1521916063.7101386, 1521916064.5755243, 1521916065.2879064, 1521916065.805074]}