{"episode_types": ["t", "t", "t", "t", "t", "t", "t", "t", "t", "t", "t", "t", "t", "t", "t", "t", "t", "t"], "episode_lengths": [16, 17, 17, 15, 16, 17, 17, 14, 16, 17, 17, 16, 27, 15, 39, 15, 18], "episode_rewards": [-11.010618682199857, -11.879695688487846, -12.64630177867075, -10.218504827276046, -10.918843232182553, -15.816917896084487, -9.572134205549084, -15.549572590157913, -9.155383031530071, -6.715027216558518, -4.039582624509059, -14.12077332859335, -15.498091592731363, -7.652047208962904, -56.59317501186015, -8.385718426833046, -9.172282730213192], "initial_reset_timestamp": 1521916053.4041843, "timestamps": [1521916053.937989, 1521916054.5536087, 1521916055.2045374, 1521916055.688128, 1521916056.351014, 1521916057.0849495, 1521916057.8309484, 1521916058.4321554, 1521916059.154666, 1521916059.8447428, 1521916060.529511, 1521916061.185954, 1521916062.2489989, 1521916062.8612435, 1521916064.6088042, 1521916065.2621021, 1521916065.9566853]}