{"episode_types": ["t", "t", "t", "t", "t", "t", "t", "t", "t", "t", "t", "t", "t", "t", "t", "t", "t", "t"], "episode_lengths": [15, 16, 18, 18, 40, 16, 15, 18, 17, 13, 18, 19, 17, 16, 16, 16, 19], "episode_rewards": [-17.072084607368744, -10.65607352057559, -5.920953361036665, -7.649529093303136, -39.308617707026144, -11.233361941402837, -20.049636915932933, -5.64256972756848, -14.296695332022498, -11.467563776952739, -14.52757575052092, -19.637067991209914, -3.6493154921845425, -4.482684858852007, -7.476311085995986, -11.990104172943393, -10.444861714949367], "initial_reset_timestamp": 1521916053.36721, "timestamps": [1521916053.884368, 1521916054.4084127, 1521916055.1065953, 1521916055.7882853, 1521916057.4768283, 1521916058.1656406, 1521916058.863888, 1521916059.5747778, 1521916060.306991, 1521916060.8066463, 1521916061.4870493, 1521916062.307618, 1521916063.01693, 1521916063.7409983, 1521916064.4343264, 1521916065.0797691, 1521916065.857895]}