{"episode_types": ["t", "t", "t", "t", "t", "t", "t", "t", "t", "t", "t", "t", "t", "t", "t", "t", "t", "t", "t"], "episode_lengths": [14, 17, 17, 21, 16, 15, 20, 17, 17, 16, 14, 17, 15, 15, 17, 17, 18, 17], "episode_rewards": [-13.321626839473902, -14.929288925982835, -20.84762127982685, -21.68249990385666, -10.257182131905573, -11.59462298265862, -17.180244276803574, -6.157643426323194, -6.968398350778443, -7.955415553793136, -13.22878278295393, -15.61090171522374, -7.505583754452527, -8.421448632792453, -9.102434861216173, -6.805895175156183, -12.95124361500057, -22.03139006095298], "initial_reset_timestamp": 1521916053.365513, "timestamps": [1521916053.8165278, 1521916054.4084413, 1521916055.0440683, 1521916055.8762417, 1521916056.5572367, 1521916057.1870306, 1521916058.050182, 1521916058.8196752, 1521916059.4776285, 1521916060.1565173, 1521916060.7330754, 1521916061.3973944, 1521916062.0205317, 1521916062.6286404, 1521916063.381589, 1521916064.1543548, 1521916064.881076, 1521916065.617157]}