{"episode_types": ["t", "t", "t", "t", "t", "t", "t", "t", "t", "t", "t", "t", "t", "t", "t", "t", "t", "t", "t"], "episode_lengths": [14, 18, 17, 23, 17, 15, 23, 16, 16, 13, 17, 16, 17, 16, 15, 15, 19, 15], "episode_rewards": [-18.57288271720463, -11.149480864248474, -9.867079081687553, -3.097492984250131, -13.977045090954926, -13.892284561172712, -20.476734815808594, -18.393027962802442, -14.22257714761654, -11.140501444118852, -3.7569998502149256, -13.880935858623705, -9.753422704600961, -11.479163314244943, -11.357519616288482, -10.42268702515721, -4.880117190020974, -14.136763070381129], "initial_reset_timestamp": 1521916053.4108517, "timestamps": [1521916053.8111923, 1521916054.5029907, 1521916055.1474426, 1521916055.9711328, 1521916056.6713119, 1521916057.386741, 1521916058.3100085, 1521916059.0395823, 1521916059.679033, 1521916060.2419553, 1521916060.9716604, 1521916061.54993, 1521916062.261071, 1521916062.9493651, 1521916063.63156, 1521916064.2961361, 1521916065.0143206, 1521916065.6900294]}