{"episode_types": ["t", "t", "t", "t", "t", "t", "t", "t", "t", "t", "t", "t", "t", "t", "t", "t", "t"], "episode_lengths": [16, 16, 58, 21, 16, 17, 15, 17, 17, 20, 17, 15, 16, 17, 16, 18], "episode_rewards": [-11.690462252846919, -23.113459167332625, -82.83087197605929, -17.672304464594344, -14.634480278771662, -10.354961501681828, -13.60834496130119, -4.246383183980652, -13.575793559856539, -14.677754273412576, -7.254027958096412, -13.251548890623962, -8.82986234021082, -13.497545978576818, -10.803544081092697, -8.670817005183197], "initial_reset_timestamp": 1521916053.4317353, "timestamps": [1521916053.9704194, 1521916054.5187643, 1521916056.7100532, 1521916057.6330287, 1521916058.329494, 1521916059.087082, 1521916059.7063534, 1521916060.4300826, 1521916061.1139097, 1521916061.8529203, 1521916062.5867085, 1521916063.2799978, 1521916063.9606588, 1521916064.6807446, 1521916065.4121847, 1521916066.0627587]}