{"episode_types": ["t", "t", "t", "t", "t", "t", "t", "t", "t", "t", "t", "t", "t", "t", "t", "t", "t", "t"], "episode_lengths": [17, 16, 18, 16, 18, 24, 19, 15, 17, 29, 18, 18, 17, 17, 15, 15, 15], "episode_rewards": [-9.94009171481448, -16.188807136069226, -11.303564032746362, -14.00295119358925, -8.734836916252972, -18.374775852222225, -7.3765500786656055, -12.99277185936953, -17.71648331066972, -8.385526955864046, -10.902156921918504, -8.121222706773551, -8.038790903917107, -16.547461497106998, -7.446747832451365, -9.201676883306936, -12.967193865955052], "initial_reset_timestamp": 1521916053.323619, "timestamps": [1521916054.0014496, 1521916054.5519607, 1521916055.2486527, 1521916055.771974, 1521916056.5023122, 1521916057.5317194, 1521916058.3634868, 1521916059.006175, 1521916059.7550983, 1521916060.9439523, 1521916061.6306973, 1521916062.3763285, 1521916063.1282, 1521916063.8728905, 1521916064.4950097, 1521916065.1149364, 1521916065.7409635]}