{"episode_types": ["t", "t", "t", "t", "t", "t", "t", "t", "t", "t", "t", "t", "t", "t", "t"], "episode_lengths": [19, 59, 16, 22, 40, 17, 18, 15, 17, 15, 13, 19, 19, 18], "episode_rewards": [-9.472037447743059, -58.640488569479196, -8.637159596462151, -30.19397742946167, -29.28818443017371, -13.5240845807406, -5.657443834116567, -8.425460878536978, -12.477640497157697, -8.740472725240398, -9.549492057753378, -16.58333124612982, -7.814277553315332, -8.187152445757238], "initial_reset_timestamp": 1521916053.4214268, "timestamps": [1521916054.0885272, 1521916056.1679156, 1521916056.820863, 1521916057.906026, 1521916059.5624254, 1521916060.3300424, 1521916061.0339866, 1521916061.6098058, 1521916062.3146453, 1521916062.903811, 1521916063.5226629, 1521916064.3550982, 1521916065.1549478, 1521916065.8660908]}