{"episode_types": ["t", "t", "t", "t", "t", "t", "t", "t", "t", "t", "t", "t", "t", "t", "t", "t", "t", "t"], "episode_lengths": [17, 15, 24, 23, 18, 15, 16, 19, 17, 18, 17, 28, 14, 16, 15, 16, 20], "episode_rewards": [-14.477318244733034, -14.105265963931743, -31.19414308600826, -31.515243393409765, -12.419971981982235, -11.596872129981056, -10.537574517136092, -4.651374881716038, -9.342773217459035, -8.603799921323663, -12.525846588482091, -3.516508393145342, -5.302050269370374, -24.443082085746575, -11.793132578741641, -12.02709490739362, -6.10223805759888], "initial_reset_timestamp": 1521916053.346592, "timestamps": [1521916054.0203397, 1521916054.4812882, 1521916055.4226723, 1521916056.2323618, 1521916057.03146, 1521916057.6702907, 1521916058.3813972, 1521916059.244741, 1521916059.9097428, 1521916060.6168785, 1521916061.3159804, 1521916062.445657, 1521916063.0820694, 1521916063.7799592, 1521916064.4163668, 1521916065.0561676, 1521916065.904908]}