{"episode_types": ["t", "t", "t", "t", "t", "t", "t", "t", "t", "t", "t", "t", "t", "t", "t", "t", "t"], "episode_lengths": [25, 19, 16, 25, 15, 16, 17, 13, 19, 44, 20, 15, 17, 14, 14, 16], "episode_rewards": [-13.377696231933076, -4.107166592939757, -8.693380518001504, -31.474990952548975, -10.58656840844342, -17.887439072396955, -8.251744330294606, -10.858314683052594, -9.99882274588017, -19.55767299522122, -20.9127250989739, -14.211070297227707, -9.956412452906081, -10.255028117015899, -11.27357787622168, -5.043331268827023], "initial_reset_timestamp": 1521916053.3225985, "timestamps": [1521916054.2413092, 1521916054.87549, 1521916055.5296178, 1521916056.5305011, 1521916057.1642168, 1521916057.8781514, 1521916058.639182, 1521916059.1935284, 1521916059.9557343, 1521916061.6944296, 1521916062.5327377, 1521916063.1986024, 1521916063.9544015, 1521916064.5460968, 1521916065.1208642, 1521916065.7714667]}