{"episode_types": ["t", "t", "t", "t", "t", "t", "t", "t", "t", "t", "t", "t", "t", "t", "t"], "episode_lengths": [15, 38, 28, 22, 18, 18, 16, 18, 14, 29, 18, 15, 16, 32], "episode_rewards": [-10.579622168088099, -34.09019442490389, -41.28335650498775, -9.233525047407603, -10.695409952272893, -5.05296578610578, -11.566506520175606, -11.740866707640814, -5.813289359146438, -16.118607269604404, -6.918845186340331, -9.57328301675443, -7.651993214149843, -20.70841010846634], "initial_reset_timestamp": 1521916053.2980845, "timestamps": [1521916053.852152, 1521916055.3139963, 1521916056.3178313, 1521916057.337128, 1521916058.0934894, 1521916058.9001083, 1521916059.5032248, 1521916060.2723312, 1521916060.8406038, 1521916061.9948816, 1521916062.724662, 1521916063.4191234, 1521916064.1242101, 1521916065.4998522]}