{"episode_types": ["t", "t", "t", "t", "t", "t", "t", "t", "t", "t", "t", "t", "t", "t", "t", "t", "t", "t"], "episode_lengths": [14, 16, 16, 18, 20, 15, 16, 15, 37, 17, 17, 17, 16, 15, 17, 17, 18], "episode_rewards": [-10.744868619994667, -3.8204265567401308, -12.35853662258596, -11.403638208475604, -7.699865722228424, -6.529363364352321, -2.817400287681084, -10.537540289385651, -31.184376296983103, -12.035867523384512, -9.212427669398313, -13.273717886542727, -8.03047323224164, -4.383714649786999, -4.609397329062632, -15.504749481905307, -7.425018586187799], "initial_reset_timestamp": 1521916053.344302, "timestamps": [1521916053.8012524, 1521916054.3761644, 1521916054.9524035, 1521916055.638789, 1521916056.458067, 1521916057.1204717, 1521916057.7987201, 1521916058.4586542, 1521916060.0693023, 1521916060.7105675, 1521916061.3827486, 1521916062.0867476, 1521916062.742658, 1521916063.44457, 1521916064.2194052, 1521916064.8523507, 1521916065.6475263]}